InputSet|Field|Label
1|input1_1|Enter your thoughts, your inner voice duting argument
1|input1_2|Describe what you actually said
1|input1_3|Describe what your partner said
1|input1_4|Describe location where argument happened like at home, outside (e.g. dinner, outing, or on the way)
2|input2_1|Describe about your work, hobbies 
2|input2_2|Describe how you feel about money to live, work/life balance, your energy feeling exhausted?
2|input2_3|Describe about ambitions, distractions, social media scrolling, friends, family 
2|input2_4|Describe about your mood, how you want you and your partner to be together
2|input2_5|Describe your overall feeling and how you want it to be
