"🧠 ""Male_OS Neurobehavioral Arc (Updated with Procrastination Arc)""",,,,,,
,,,,,,
"""Male Phase ID""","""Neuro State / Hormonal Activity""","""Cognitive & Emotional Response""","""Behavioral Outcome""","""Sexual Response""","""Relational Impact""","""Scientific References (Male)"""
"""0. Procrastination Arc / Sexual Ideation Escape""","""↑ Dopamine (fantasy), ↓ Cortisol (post-release), ↓ Motivation""","""Avoids responsibility through sexual ideation or masturbation; seeks dopamine spike to bypass stress""","""Emotionally detached, cognitively reset but relationally absent""","""High libido, post-orgasm shutdown""","""Female feels unseen, suspects emotional withdrawal or fantasy not involving her""","""https://www.ncbi.nlm.nih.gov/pmc/articles/PMC1470658/, https://www.ncbi.nlm.nih.gov/pmc/articles/PMC6007727/"""
"""1. Procrastination Arc / Cortisol-Depleted Seeking Peace""","""↓ Cortisol, ↓ Dopamine, ↑ Fatigue""","""Mentally foggy, avoids stimulation; overwhelmed by task load""","""Withdraws, delays action, ignores female task list""","""Low libido, no sexual readiness""","""Female interprets as neglect; begins commanding, testing, escalating (#2–#9)""","""https://pure.amsterdamumc.nl/ws/portalfiles/portal/110938072/hoofdstuk%205.pdf, https://www.genemedics.com/hormone-therapy/mens-hormones/cortisoladrenal-fatigue"""
"""2. Cortisol-Adrenaline Reactivity / PFC Up + Amygdala Up""","""↑ Cortisol, ↑ Adrenaline, ↑ Noradrenaline""","""Alert, reactive, emotionally charged; feels ambushed by emotional escalation""","""Defensive, verbal escalation, hyperfocus; attempts to regain control""","""↓ Genital blood flow, penile shrinkage due to vasoconstriction""","""Female sees him as unstable or unsafe; emotional tension rises""","""https://www.frontiersin.org/journals/human-neuroscience/articles/10.3389/fnhum.2016.00583/full, https://healthymale.org.au/health-article/how-do-stress-and-anxiety-affect-sexual-performance-and-erectile-dysfunction"""
"""3. Cortisol Jolt / Wake-Up Response""","""↑ Cortisol, adrenal jolt""","""Sudden alertness; cortisol surge activates focus but depletes reserves further""","""Reactive focus, heightened awareness; may become hypervigilant""","""Moderate arousal, unstable and stress-linked""","""Female sees him as temporarily present but emotionally unavailable""","""https://www.adrenal.com/blog/the-dangers-of-excess-cortisol-understanding-hypercortisolism-and-its-complications, https://www.drlamcoaching.com/blog/adrenal-fatigue-and-cortisol"""
"""4. PFC Up + Amygdala Up (Reactive)""","""↑ Cortisol, ↑ Amygdala""","""Verbal escalation, emotional volatility; attempts to assert logic under emotional pressure""","""May lash out, overcorrect, or shut down emotionally""","""Moderate to high arousal, reactive and unstable""","""Female feels emotionally unsafe; bonding loop disrupted""","""https://www.psychiatry.wisc.edu/courses/Nitschke/seminar/urry%20et%20al%20j%20neuroscience%202006.pdf, https://www.jneurosci.org/content/26/16/4415"""
"""5. Oxytocin-Bonded but Cognitively Detached""","""↑ Oxytocin (bonded), ↓ Dopamine (no reward loop)""","""Emotionally attached but mentally looping; feels stuck, unseen, and misunderstood""","""Overexplains, rationalizes, seeks resolution without emotional payoff""","""Low arousal; emotionally invested but not sexually activated""","""Female feels emotionally tested but not contained; bonding fails""","""https://www.betterhelp.com/advice/medication/what-is-the-role-of-oxytocin-in-men/, https://www.marinaedelman.com/oxytocin-the-key-to-deep-connection-and-bonding/"""
"""6. No Oxytocin Equivalent / Emotional Flatline""","""↓ Oxytocin, ↓ Dopamine""","""Emotionally numb, misses bonding cue; unable to respond empathetically""","""Disconnected, unresponsive; may appear cold or indifferent""","""No sexual readiness; emotionally and physically shut down""","""Female feels rejected or invisible; emotional rupture deepens""","""https://www.mdpi.com/1422-0067/23/1/150, https://www.betterhelp.com/advice/medication/what-is-the-role-of-oxytocin-in-men/"""
"""7. Penile Shrinkage / Stress Response""","""↑ Adrenaline, ↑ Dopamine""","""Embarrassment, confusion; misreads female arousal cues as sexual when they are emotional""","""Withdraws, avoids intimacy; physiological shutdown""","""No erection; vasoconstriction blocks sexual readiness""","""Female feels misunderstood; emotional tension escalates""","""https://androone.com/stress-on-male-sexual-health, https://healthymale.org.au/health-article/how-do-stress-and-anxiety-affect-sexual-performance-and-erectile-dysfunction"""
"""8. Dominant Surge / Unsafe Erection""","""↑ Dopamine, ↓ Oxytocin, ↑ Testosterone""","""Physically reactive, emotionally aggressive; exploits ambiguity of Phase #0 for sexual gain""","""Overpowers, unsafe dominance; post-event guilt or emotional detachment""","""High arousal, impulsive erection; bonding bypassed""","""Female feels used; aroused but emotionally empty""","""https://www.jstor.org/stable/4030436, https://www.c-r.org/learning-hub/reconstructing-masculinities"""
"""8A. Containment Activation / Strategic Holding""","""↑ Oxytocin (slow), ↑ Dopamine (regulated), ↓ Cortisol (preserved)""","""Thinks linearly from A to B; sees emotional tension as logistical; invites her into his thought stream or asks her input on trade-offs""","""Ignores emotional bait; calmly reframes moment as shared decision space; corrects Phase #1 misunderstanding""","""Stable arousal, non-reactive; intimacy deepens through shared cognition""","""Female feels emotionally seen and cognitively included; bonding loop completes""","""https://tealswan.com/resources/articles/masculine-containment-r443, https://www.frontiersin.org/journals/endocrinology/articles/10.3389/fendo.2015.00160/full"""
"""9. Withdrawal Loop / Nice Guy Shutdown""","""↓ Dopamine, ↓ Testosterone, ↑ Cortisol (residual stress)""","""Unaware she’s observing him; distracted and emotionally unavailable; gives away his thoughts by defensiveness or overexplaining""","""Tries to escape work stress; too exhausted to tune into her emotional cues; confirms it wasn’t about her or them as a couple""","""Low libido, emotional detachment; no bonding signal""","""Female feels emotionally unsafe and disillusioned; rupture becomes chronic""","""https://ca4wellbeing.com/menwithdraw-emotionally, https://www.marriage.com/advice/relationship/nice-guy-syndrome"""
